{"objects":{"evacuaterNodeJsons":[],"sensorNodeJsons":[],"exitNodeJsons":[],"disasterNodeJsons":[],"areaPositionJsons":[{"areaId":0,"position":{"x":22.034021377563478,"y":0.7199999690055847,"z":10.95706844329834}},{"areaId":1,"position":{"x":19.979801177978517,"y":0.7199999690055847,"z":16.514585494995118}},{"areaId":2,"position":{"x":13.458422660827637,"y":0.7199999690055847,"z":11.022626876831055}}]}}