{"objects":{"evacuaterNodeJsons":[],"sensorNodeJsons":[],"exitNodeJsons":[],"disasterNodeJsons":[],"areaPositionJsons":[{"areaId":0,"position":{"x":19.895742416381837,"y":0.7199999690055847,"z":15.638566970825196}},{"areaId":1,"position":{"x":21.544008255004884,"y":0.7199999690055847,"z":10.371219635009766}},{"areaId":2,"position":{"x":14.671839714050293,"y":0.7199999690055847,"z":11.154021263122559}}]}}