{"cameraMode":{"drawMode":0,"name":"Shaded","section":"Shading Mode"},"sceneLighting":true,"audioPlay":false,"sceneViewState":{"showFog":true,"showMaterialUpdate":true,"showSkybox":true,"showFlares":true,"showImageEffects":true,"showParticleSystems":true},"in2DMode":false,"pivot":{"x":3.6398916244506838,"y":91.9755859375,"z":-91.5566177368164},"rotation":{"x":-0.29340705275535586,"y":0.06503117829561234,"z":-0.020009862259030343,"w":-0.9535691738128662},"size":17.87264633178711,"orthographic":false}