{"cameraMode":{"drawMode":0,"name":"Shaded","section":"Shading Mode"},"sceneLighting":true,"audioPlay":false,"sceneViewState":{"showFog":true,"showMaterialUpdate":true,"showSkybox":true,"showFlares":true,"showImageEffects":true,"showParticleSystems":true},"in2DMode":false,"pivot":{"x":4.700389862060547,"y":93.39317321777344,"z":-92.46469116210938},"rotation":{"x":0.38835564255714419,"y":0.024875972419977189,"z":-0.010487932711839676,"w":0.9211143851280212},"size":26.322898864746095,"orthographic":false}