{"cameraMode":{"drawMode":0,"name":"Shaded","section":"Shading Mode"},"sceneLighting":false,"audioPlay":false,"sceneViewState":{"showFog":true,"showMaterialUpdate":true,"showSkybox":false,"showFlares":true,"showImageEffects":true,"showParticleSystems":true},"in2DMode":false,"pivot":{"x":-2.6625778675079347,"y":0.11239849776029587,"z":-0.2422797530889511},"rotation":{"x":0.08062637597322464,"y":-0.5921871066093445,"z":0.05971398949623108,"w":0.7995349168777466},"size":3.0848889350891115,"orthographic":false}