{"cameraMode":{"drawMode":0,"name":"Shaded","section":"Shading Mode"},"sceneLighting":true,"audioPlay":false,"sceneViewState":{"showFog":true,"showMaterialUpdate":true,"showSkybox":true,"showFlares":true,"showImageEffects":true,"showParticleSystems":true},"in2DMode":false,"pivot":{"x":2.384185791015625e-7,"y":0.0,"z":3.8399996757507326},"rotation":{"x":0.34874534606933596,"y":0.23797287046909333,"z":-0.09202709048986435,"w":0.9018188118934631},"size":276.33721923828127,"orthographic":false}